,name,date,age
209,Novak Djokovic,1987-05-22,32
419,Rafael Nadal,1986-06-03,33
629,Roger Federer,1981-08-08,38
839,Andy Murray,1987-05-15,32
1049,David Ferrer,1982-04-02,37
1259,Tomas Berdych,1985-09-17,34
1422,Mardy Fish,1981-12-09,38
1608,Janko Tipsarevic,1984-06-22,35
1818,Nicolas Almagro,1985-08-21,34
2024,Juan Martin Del Potro,1988-09-23,31
2234,Gilles Simon,1984-12-27,35
2287,Andy Roddick,1982-08-30,37
2497,Alexandr Dolgopolov,1988-11-07,31
2707,Gael Monfils,1986-09-01,33
2917,John Isner,1985-04-26,34
3127,Richard Gasquet,1986-06-18,33
3337,Feliciano Lopez,1981-09-20,38
3547,Marin Cilic,1988-09-28,31
3757,Viktor Troicki,1986-02-10,33
3965,Florian Mayer,1983-10-05,36
4175,Fernando Verdasco,1983-11-15,36
4385,Kei Nishikori,1989-12-29,30
4595,Juan Monaco,1984-03-29,35
4805,Marcel Granollers,1986-04-12,33
5015,Radek Stepanek,1978-11-27,41
5080,Juan Ignacio Chela,1979-08-30,40
5093,Ivan Ljubicic,1979-03-19,40
5303,Milos Raonic,1990-12-27,29
5513,Kevin Anderson,1986-05-18,33
5723,Jurgen Melzer,1981-05-22,38
5933,Mikhail Youzhny,1982-06-25,37
6143,Ivan Dodig,1985-01-02,34
6353,Thomaz Bellucci,1987-12-30,32
6563,Andreas Seppi,1984-02-21,35
6773,Donald Young,1989-07-23,30
6952,Dmitry Tursunov,1982-12-12,37
7093,Nikolay Davydenko,1981-06-02,38
7303,Bernard Tomic,1992-10-21,27
7513,Philipp Kohlschreiber,1983-10-16,36
7723,Marcos Baghdatis,1985-06-17,34
7933,Robin Haase,1987-04-06,32
8143,Pablo Andujar,1986-01-23,33
8312,Michael Llodra,1980-05-18,39
8522,Fabio Fognini,1987-05-24,32
8641,Xavier Malisse,1980-07-19,39
8706,Juan Carlos Ferrero,1980-02-12,39
8916,Tommy Robredo,1982-05-01,37
9126,Julien Benneteau,1981-12-20,38
9336,Albert Montanes,1980-11-26,39
9546,Gilles Muller,1983-05-09,36
9756,Santiago Giraldo,1987-11-27,32
9966,Ivo Karlovic,1979-02-28,40
10176,Lukasz Kubot,1982-05-16,37
10376,Potito Starace,1981-07-14,38
10497,James Blake,1979-12-28,40
10707,Carlos Berlocq,1983-02-03,36
10917,Ernests Gulbis,1988-08-30,31
11127,Sergiy Stakhovsky,1986-01-06,33
11315,Philipp Petzschner,1984-03-24,35
11409,David Nalbandian,1982-01-01,37
11569,Olivier Rochus,1981-01-18,38
11779,Rui Machado,1984-04-10,35
11989,Filippo Volandri,1981-09-05,38
12199,Lukas Rosol,1985-07-24,34
12313,Igor Kunitsyn,1981-09-30,38
12410,Ryan Sweeting,1987-07-14,32
12620,Denis Istomin,1986-09-07,33
12830,Alejandro Falla,1983-11-14,36
13040,Flavio Cipolla,1983-10-20,36
13250,Grigor Dimitrov,1991-05-16,28
13459,Jarkko Nieminen,1981-07-23,38
13669,Leonardo Mayer,1987-05-15,32
13879,Ryan Harrison,1992-05-07,27
14089,Nicolas Mahut,1982-01-21,37
14299,Dudi Sela,1985-04-04,34
14503,Somdev Devvarman,1985-02-13,34
14585,Ricardo Mello,1980-12-21,39
14795,Matthew Ebden,1987-11-26,32
15005,Adrian Mannarino,1988-06-29,31
15215,Steve Darcis,1984-03-13,35
15424,Pere Riba,1988-04-07,31
15634,Victor Hanescu,1981-07-21,38
15844,Mikhail Kukushkin,1987-12-26,32
16054,Blaz Kavcic,1987-03-05,32
16264,Sam Querrey,1987-10-07,32
16474,Matthias Bachinger,1987-04-02,32
16684,Benoit Paire,1989-05-08,30
16894,Tobias Kamke,1986-05-21,33
17036,Eric Prodon,1981-06-27,38
17246,Andreas Beck,1986-02-05,33
17438,Michael Russell,1978-05-01,41
17648,Michael Berrer,1980-07-01,39
17813,Karol Beck,1982-04-03,37
18001,Frederico Gil,1985-03-24,34
18211,Jeremy Chardy,1987-02-12,32
18421,Joao Souza,1988-05-27,31
18631,Stephane Robert,1980-05-17,39
18841,Paolo Lorenzi,1981-12-15,38
19051,Horacio Zeballos,1985-04-27,34
19261,Daniel Brands,1987-07-17,32
19471,Marsel Ilhan,1987-06-11,32
19681,Lukas Lacko,1987-11-03,32
19891,Adrian Ungur,1985-01-22,34
19967,Igor Andreev,1983-07-14,36
20177,Grega Zemlja,1986-09-29,33
20387,Martin Klizan,1989-07-11,30
20597,Malek Jaziri,1984-01-20,35
20807,Vasek Pospisil,1990-06-23,29
21017,Go Soeda,1984-09-05,35
21227,Maximo Gonzalez,1983-07-20,36
21437,Tatsuma Ito,1988-05-18,31
21519,Diego Junqueira,1980-12-28,39
21672,Bobby Reynolds,1982-07-17,37
21820,Wayne Odesnik,1985-11-21,34
21952,Paul Capdeville,1983-04-02,36
21989,Rainer Schuettler,1976-04-25,43
22134,Thomas Schoorel,1989-04-08,30
22344,Simone Bolelli,1985-10-08,34
22554,Alessandro Giannessi,1990-05-30,29
22724,Jan Hajek,1983-08-07,36
22888,Pablo Cuevas,1986-01-01,33
23038,Eduardo Schwank,1986-04-23,33
23248,Evgeny Donskoy,1990-05-09,29
23421,Marc Gicquel,1977-03-30,42
23631,Jurgen Zopp,1988-03-29,31
23841,Andrey Golubev,1987-07-22,32
23917,Sergei Bubka,1987-02-10,32
24127,Rajeev Ram,1984-03-18,35
24195,Augustin Gensse,1983-08-10,36
24405,Frank Dancevic,1984-09-26,35
24470,Arnaud Clement,1977-12-17,42
24575,Julio Silva,1979-07-01,40
24706,Simon Greul,1981-04-13,38
24916,Matteo Viola,1987-07-07,32
25059,Bjorn Phau,1979-10-04,40
25269,Facundo Bagnis,1990-02-27,29
25479,Alexander Kudryavtsev,1985-10-26,34
25689,Antonio Veic,1988-02-18,31
25899,Ruben Bemelmans,1988-01-14,31
26109,Dustin Brown,1984-12-08,35
26319,James Ward,1987-02-09,32
26529,Maxime Teixeira,1989-01-18,30
26659,Jesse Levine,1987-10-15,32
26869,Aljaz Bedene,1989-07-18,30
27079,Federico Delbonis,1990-10-05,29
27243,Simone Vagnozzi,1983-05-30,36
27453,Jan Hernych,1979-07-07,40
27663,Alex Kuznetsov,1987-02-05,32
27812,Dominik Meffert,1981-04-09,38
27988,Florent Serra,1981-02-28,38
28198,Gastao Elias,1990-11-24,29
28408,David Goffin,1990-12-07,29
28465,Stefano Galvani,1977-06-03,42
28675,Vincent Millot,1986-01-30,33
28885,Marco Chiudinelli,1981-09-10,38
29095,Roberto Bautista Agut,1988-04-14,31
29190,Michael Yani,1980-12-31,39
29400,Konstantin Kravchuk,1985-02-23,34
29610,Uladzimir Ignatik,1990-07-14,29
29739,Ivo Minar,1984-05-21,35
29941,Javier Marti,1992-01-11,27
30066,Nikola Ciric,1983-08-02,36
30276,Lleyton Hewitt,1981-02-24,38
30396,Bastian Knittel,1983-08-08,36
30520,Guillermo Olaso,1988-03-25,31
30583,Denis Gremelmayr,1981-08-16,38
30793,Dusan Lajovic,1990-06-30,29
30874,Ivan Navarro,1981-10-19,38
31084,Joao Sousa,1989-03-30,30
31262,Martin Alund,1985-12-26,34
31372,Harri Heliovaara,1989-06-04,30
31562,Greg Jones,1989-01-31,30
31772,David Guez,1982-12-08,37
31982,Laurynas Grigelis,1991-08-14,28
32102,Pavol Cervenak,1987-07-01,32
32312,Igor Sijsling,1987-08-18,32
32522,Dusan Lojda,1988-03-08,31
32732,Victor Estrella,1980-08-02,39
32942,Marinko Matosevic,1985-08-08,34
33149,Tommy Haas,1978-04-03,41
33359,Amir Weintraub,1986-09-16,33
33557,Andres Molteni,1988-03-15,31
33760,Jaroslav Pospisil,1981-02-09,38
33970,Jesse Huta Galung,1985-10-06,34
34152,Danai Udomchoke,1981-08-11,38
34356,Mischa Zverev,1987-08-22,32
34411,Amer Delic,1982-06-30,37
34487,Andre Begemann,1984-07-12,35
34697,Jan Mertl,1982-01-03,37
34855,Mathieu Rodrigues,1985-11-07,34
35065,Marius Copil,1990-10-17,29
35188,Stephane Bohli,1983-07-25,36
35386,Martin Fischer,1986-07-21,33
35596,Jerzy Janowicz,1990-11-13,29
35806,Andrey Kuznetsov,1991-02-22,28
35861,Robert Kendrick,1979-11-15,40
36071,Maxime Authom,1987-03-29,32
36281,Gianluca Naso,1987-01-06,32
36491,Benjamin Mitchell,1992-11-30,27
36681,Ilija Bozoljac,1985-08-02,34
36891,Illya Marchenko,1987-09-08,32
37098,Julian Reister,1986-04-02,33
37178,Robert Farah,1987-01-20,32
37301,Romain Jouan,1985-07-16,34
37511,Gerard Granollers,1989-01-30,30
37721,Yuichi Sugita,1988-09-18,31
37931,Frederik Nielsen,1983-08-27,36
38118,Guillaume Rufin,1990-05-26,29
38328,Peter Torebko,1988-02-10,31
38538,Victor Crivoi,1982-05-25,37
38649,Jamie Baker,1986-08-05,33
38733,Marcel Felder,1984-07-09,35
38758,Raven Klaasen,1982-10-16,37
38961,Carlos Salamanca,1983-07-20,36
39171,Yannick Mertens,1987-06-25,32
39332,Gregoire Burquier,1984-08-07,35
39448,Roman Borvanov,1982-03-31,37
39658,Peter Gojowczyk,1989-07-15,30
39818,Michael Lammer,1982-03-25,37
39938,Kamil Capkovic,1986-06-02,33
40118,Caio Zampieri,1986-05-27,33
40318,Eduardo Struvay,1990-12-17,29
40434,Chris Guccione,1985-07-30,34
40578,Pablo Galdon,1985-11-28,34
40770,Fabrice Martin,1986-09-11,33
40825,Sebastian Rieschick,1986-02-15,33
41035,Farrukh Dustov,1986-05-22,33
41244,Axel Michon,1990-12-16,29
41366,Marco Crugnola,1983-05-24,36
41477,Philipp Oswald,1986-01-23,33
41604,Matteo Marrai,1986-11-17,33
41814,Denys Molchanov,1987-05-16,32
41939,Erik Chvojka,1986-10-26,33
42149,Alejandro Gonzalez,1989-02-07,30
42359,Matt Reid,1990-07-17,29
42378,Peter Luczak,1979-08-31,40
42416,Adam Kellner,1986-08-01,33
42626,Tim Smyczek,1987-12-30,32
42836,Jimmy Wang,1985-02-08,34
43046,James Duckworth,1992-01-21,27
43256,Denis Kudla,1992-08-17,27
43466,Facundo Arguello,1992-08-04,27
43676,Andrea Arnaboldi,1987-12-27,32
43856,Denis Matsukevitch,1986-03-28,33
43997,Giovanni Lapentti,1983-01-25,36
44207,Radu Albot,1989-11-11,30
44417,Ricardo Hocevar,1985-05-05,34
44545,Joshua Goodall,1985-10-17,34
44755,Andre Ghem,1982-05-29,37
44964,Peter Polansky,1988-06-15,31
44994,Conor Niland,1981-09-19,38
45204,Guilherme Clezar,1992-12-31,27
45242,Ludovic Walter,1983-01-04,36
45367,Stefan Seifert,1985-02-28,34
45577,Mirza Basic,1991-07-12,28
45669,James Lemke,1988-01-25,31
45879,Ze Zhang,1990-07-04,29
46057,Julien Obry,1991-09-04,28
46267,Jonathan Eysseric,1990-05-27,29
46431,Evgeny Korolev,1988-02-14,31
46641,Ti Chen,1983-10-03,36
46694,Fernando Gonzalez,1980-07-29,39
46890,Fritz Wolmarans,1986-03-07,33
47035,Kristijan Mesaros,1988-07-02,31
47103,Sebastian Decoud,1981-09-18,38
47308,Daniele Giorgini,1984-04-20,35
47518,Thomas Fabbiano,1989-05-26,30
47728,Benjamin Becker,1981-06-16,38
47938,Miljan Zekic,1988-07-12,31
48148,Michal Przysiezny,1984-02-16,35
48219,Michael Ryderstedt,1984-11-12,35
48275,Marcel Zimmermann,1985-01-20,34
48485,Michael Linzer,1989-11-02,30
48695,Andrej Martin,1989-09-20,30
48861,Robby Ginepri,1982-10-07,37
49071,Vishnu Vardhan,1987-07-27,32
49178,Alex Bogdanovic,1984-05-22,35
49388,Marcin Gawron,1988-05-25,31
49417,Ervand Gasparyan,1987-06-14,32
49624,Benjamin Balleret,1983-01-15,36
49705,Timo Nieminen,1981-10-06,38
49897,Tiago Lopes,1986-11-27,33
50098,Boy Westerhof,1985-10-24,34
50167,Nicolas Pastor,1991-03-12,28
50311,Enrico Burzi,1981-01-14,38
50521,Matwe Middelkoop,1983-09-03,36
50731,Marco Trungelliti,1990-01-31,29
50941,Nikola Mektic,1988-12-24,31
51151,Hiroki Moriya,1990-10-16,29
51361,Agustin Velotti,1992-05-24,27
51567,Jorge Aguilar,1985-01-08,34
51774,Mikhail Ledovskikh,1986-08-08,33
51984,Kevin Krawietz,1992-01-24,27
52054,Evgeny Kirillov,1987-07-14,32
52067,Simon Stadler,1983-07-20,36
52277,Laurent Rochette,1988-02-05,31
52487,Riccardo Ghedin,1985-12-05,34
52676,Pedro Sousa,1988-05-27,31
52886,Damir Dzumhur,1992-05-20,27
53013,Thiago Alves,1982-05-22,37
53196,Alexandre Sidorenko,1988-02-18,31
53403,Daniel Garza,1985-04-08,34
53613,Daniel Evans,1990-05-23,29
53823,Alexander Ward,1990-04-30,29
54033,Yuki Bhambri,1992-07-04,27
54243,Guido Pella,1990-05-17,29
54339,Michael Look,1987-11-24,32
54545,Antal Van Der Duim,1987-09-16,32
54755,Gerald Melzer,1990-07-13,29
54867,Rafael Camilo,1990-03-13,29
54947,Guillermo Hormazabal,1985-02-19,34
55144,Alexandre Folie,1990-01-31,29
55354,Fernando Romboli,1989-01-04,30
55521,Dino Marcan,1991-02-12,28
55624,Nicolas Renavand,1982-06-25,37
55700,Nicolas Devilder,1980-03-25,39
55725,Chris Eaton,1987-11-27,32
55935,Toni Androic,1991-12-28,28
56140,Ivo Klec,1980-11-28,39
56350,Steven Diez,1991-03-17,28
56561,James Mcgee,1987-06-10,32
56643,Carsten Ball,1987-06-20,32
56704,Junn Mitsuhashi,1989-06-01,30
56914,Walter Trusendi,1985-01-03,34
57124,Michal Konecny,1989-10-13,30
57334,Diego Sebastian Schwartzman,1992-08-16,27
57544,Steve Johnson,1989-12-24,30
57745,Ruan Roelofse,1989-11-18,30
57955,Zhe Li,1986-09-20,33
58158,Federico Gaio,1992-03-05,27
58329,Josselin Ouanna,1986-04-14,33
58362,Nicholas Monroe,1982-04-12,37
58542,Artem Smirnov,1988-02-02,31
58732,Michael Venus,1987-10-16,32
58928,Fabiano De Paula,1988-11-28,31
59138,Jack Sock,1992-09-24,27
59348,Joshua Milton,1989-10-14,30
59688,Miloslav Mecir,1988-01-20,31
59896,Julien Dubail,1988-02-14,31
60103,Luca Vanni,1985-06-04,34
60276,Marcelo Demoliner,1989-01-18,30
60486,Marek Michalicka,1986-12-23,33
60696,Grzegorz Panfil,1988-01-01,31
60876,Philip Bester,1988-10-06,31
61081,Duilio Beretta,1992-02-25,27
61281,Ivan Nedelko,1986-05-12,33
61346,Blake Strode,1987-07-09,32
61556,Guido Andreozzi,1991-08-05,28
61764,Daniel Cox,1990-09-28,29
61848,Andrey Kumantsov,1986-08-04,33
62030,Stefano Travaglia,1991-12-28,28
62166,Valery Rudnev,1988-02-16,31
62348,Guillermo Duran,1988-06-06,31
62558,Ivan Bjelica,1984-02-15,35
62768,Adam El Mihdawy,1989-08-09,30
62778,Roko Karanusic,1982-09-05,37
62988,Victor Baluda,1992-09-30,27
63161,Albano Olivetti,1991-11-24,28
63313,Daniel Kosakowski,1992-02-21,27
63328,Roman Vogeli,1985-03-13,34
63538,Jozef Kovalik,1992-11-04,27
63715,Nikola Cacic,1990-12-07,29
63817,Jan Minar,1981-04-09,38
63986,Boris Pashanski,1982-11-03,37
64188,Christopher Rungkat,1990-01-14,29
64380,David Souto,1992-03-26,27
64546,Matteo Trevisan,1989-08-13,30
64751,Di Wu,1991-09-14,28
64953,Christian Lindell,1991-11-20,28
65162,Gleb Sakharov,1988-06-10,31
65279,Attila Balazs,1988-09-27,31
65336,David Estruch,1985-07-20,34
65383,Kevin Kim,1978-07-26,41
65539,Roman Jebavy,1989-11-16,30
65749,Mohamed Safwat,1990-09-19,29
65959,Riccardo Bellotti,1991-08-05,28
66117,Claudio Grassi,1985-07-25,34
66311,Patrik Rosenholm,1988-03-05,31
66423,Artem Sitak,1986-02-08,33
66483,Luka Gregorc,1984-02-14,35
66689,Ante Pavic,1989-03-07,30
66895,Andre Miele,1987-04-12,32
67035,Marc Sieber,1988-02-28,31
67079,Denes Lukacs,1987-02-25,32
67227,Steven Moneke,1986-05-27,33
67437,Yasutaka Uchiyama,1992-08-05,27
67483,Razvan Sabau,1977-06-18,42
67693,Adrien Bossel,1986-12-28,33
67854,Alberto Brizzi,1984-03-26,35
68059,Patricio Heras,1989-01-21,30
68118,Nicolas Massu,1979-10-10,40
68276,Rudy Coco,1984-03-21,35
68300,Gabriel Moraru,1982-01-28,37
68510,Roberto Carballes Baena,1993-03-23,26
68703,Gianni Mina,1992-02-09,27
68890,Riccardo Sinicropi,1990-09-12,29
69025,Brian Baker,1985-04-30,34
69049,Dennis Bloemke,1989-07-23,30
69259,Germain Gigounon,1989-04-20,30
69469,Jose Pereira,1991-01-26,28
69679,Brydan Klein,1989-12-31,30
69773,Alexander Rumyantsev,1992-08-16,27
69976,Yannik Reuter,1991-03-06,28
70067,Tiago Fernandes,1993-01-29,26
70134,Olivier Patience,1980-03-25,39
70344,Taro Daniel,1993-01-27,26
70386,Mikhail Vasiliev,1986-03-08,33
70536,Marc Rath,1989-12-05,30
70746,Daniel Smethurst,1990-10-13,29
70956,Norbert Gombos,1990-08-13,29
71165,Michal Schmid,1988-11-28,31
71339,Leonardo Kirche,1985-01-04,34
71383,Isaac Frost,1989-01-06,30
71583,Toshihide Matsui,1978-04-19,41
71702,Vijayant Malik,1990-02-14,29
71799,Mikhail Elgin,1981-10-14,38
71909,Louk Sorensen,1985-01-07,34
71914,Ervin Eleskovic,1987-05-08,32
72009,Richard Bloomfield,1983-04-27,36
72157,Stanislav Vovk,1991-02-19,28
72246,Clement Reix,1983-10-09,36
72435,Andres Artunedo Martinavarr,1993-09-14,26
72510,Goran Tosic,1982-10-07,37
72720,Andrea Collarini,1992-01-31,27
72903,Arata Onozawa,1988-04-28,31
73002,Florian Reynet,1986-04-14,33
73211,Marc Giner,1991-06-18,28
73321,Leandro Migani,1985-03-02,34
73354,Phillip Simmonds,1986-05-18,33
73564,Maximiliano Estevez,1989-05-18,30
73599,Morgan Phillips,1984-06-23,35
73809,Tomislav Brkic,1990-03-09,29
73998,David Rice,1989-01-01,30
74009,Kevin Konfederak,1991-07-26,28
74204,Jiri Vesely,1993-07-10,26
74411,Aldin Setkic,1987-12-21,32
74578,Dimitar Kutrovsky,1987-08-27,32
74721,Stanislav Poplavskyy,1991-04-02,28
74926,Samuel Groth,1987-10-19,32
75108,Rhyne Williams,1991-03-22,28
75305,Sergey Betov,1987-10-15,32
75414,Nikolaus Moser,1990-03-21,29
75599,John Millman,1989-06-14,30
75804,Nils Langer,1990-01-25,29
75925,Laurent Recouderc,1984-07-10,35
76128,Nicolas Barrientos,1987-04-24,32
76331,Austin Krajicek,1990-06-16,29
76523,Kento Takeuchi,1987-12-19,32
76724,Sanam Singh,1988-01-11,31
76844,Andis Juska,1985-05-22,34
77045,Renzo Olivo,1992-03-15,27
77148,Ivan Sergeyev,1988-01-20,31
77348,Tennys Sandgren,1991-07-22,28
77511,Moritz Baumann,1987-05-09,32
77711,Niels Desein,1987-06-09,32
77902,Lamine Ouahab,1984-12-22,35
78097,Jeevan Nedunchezhiyan,1988-10-20,31
78260,Jerome Inzerillo,1990-02-15,29
78450,Marcelo Arevalo,1990-10-17,29
78631,Jules Marie,1991-09-01,28
78760,Cesar Ramirez,1990-01-25,29
78848,Yu Chang,1988-08-14,31
78991,Alexander Lobkov,1990-10-07,29
79180,Yannick Jankovits,1987-01-06,32
79368,Danilo Petrovic,1992-01-24,27
79556,Nikoloz Basilashvili,1992-02-23,27
79749,Marco Cecchinato,1992-09-30,27
79822,Devin Britton,1991-03-17,28
80002,Hiroki Kondo,1982-11-05,37
80193,Thales Turini,1989-07-18,30
80384,Filip Krajinovic,1992-02-27,27
80566,Joao Pedro Sorgi,1993-10-18,26
80754,Lorenzo Giustino,1991-09-10,28
80941,Sandro Ehrat,1991-04-18,28
81135,Henri Laaksonen,1992-03-31,27
81228,Andrew Fitzpatrick,1989-04-06,30
81407,Andriej Kapas,1989-08-11,30
81596,Dominic Thiem,1993-09-03,26
81721,Mikhail Fufygin,1990-05-13,29
81908,Matthew Barton,1991-12-18,28
81954,Alexander Sadecky,1987-07-06,32
82128,Takuto Niki,1987-10-12,32
82157,John Peers,1988-07-25,31
82300,Juan Sebastian Gomez,1992-03-05,27
82427,Oliver Golding,1993-09-29,26
82538,Antoine Benneteau,1986-06-30,33
82539,Bassam Beidas,1988-12-26,31
82700,Bradley Klahn,1990-08-20,29
82887,Arthur De Greef,1992-03-27,27
83068,Mate Pavic,1993-07-04,26
83255,Juan Ignacio Londero,1993-08-15,26
83441,Dzmitry Zhyrmont,1989-03-01,30
83626,Adrian Sikora,1988-07-05,31
83811,Vladimir Ivanov,1987-04-10,32
83984,Edward Corrie,1988-02-21,31
84129,Elie Rousset,1989-09-05,30
84313,Blaz Rola,1990-10-05,29
84408,Marin Bradaric,1985-09-05,34
84498,Christian Harrison,1994-05-29,25
84681,Viktor Galovic,1990-09-19,29
84864,Juan Carlos Saez,1991-08-05,28
84953,Nicolas Santos,1988-01-05,31
85134,Peter Heller,1992-08-12,27
85313,Marton Fucsovics,1992-02-08,27
85488,Mauricio Echazu,1989-01-02,30
85666,Roberto Marcora,1989-08-30,30
85846,Luke Saville,1994-02-01,25
85939,Adam Feeney,1985-03-07,34
86117,Chase Buchanan,1991-06-04,28
86294,Takanyi Garanganga,1990-09-06,29
86470,Alessandro Bega,1991-01-11,28
86647,Alexey Vatutin,1992-10-27,27
86823,Adam Pavlasek,1994-10-08,25
86935,Michael Quintero,1980-07-11,39
87102,Tim Puetz,1987-11-19,32
87278,Fabricio Neis,1990-06-15,29
87453,Alex Bolt,1993-01-05,26
87589,Jeff Dadamo,1989-07-17,30
87723,Marek Semjan,1987-11-07,32
87898,Darian King,1992-04-26,27
88071,Shuichi Sekiguchi,1991-07-15,28
88242,Robin Kern,1993-10-03,26
88413,Daniel Dutra Da Silva,1988-07-05,31
88584,Dane Propoggia,1990-04-24,29
88748,Neil Pauffley,1990-03-29,29
88903,Nicolas Reissig,1989-04-07,30
89074,Lucas Pouille,1994-02-23,25
89245,Alexander Lazov,1990-07-09,29
89376,Theodoros Angelinos,1984-05-29,35
89506,Antoine Escoffier,1992-02-29,27
89677,Maximilian Neuchrist,1991-07-22,28
89726,Pedro Zerbini,1988-12-09,31
89897,Hugo Dellien,1993-06-16,26
89991,Ivo Mijic,1990-01-15,29
90012,Kevin Botti,1989-01-14,30
90183,Ryusei Makiguchi,1991-05-03,28
90354,Daniel Nguyen,1990-10-16,29
90437,Ismar Gorcic,1983-05-22,36
90553,Cristian Rodriguez,1990-06-24,29
90672,Jan Blecha,1989-03-18,30
90758,Lucas Renard,1992-09-30,27
90929,Claudio Fortuna,1990-04-19,29
90997,Joss Espasandin,1990-05-04,29
91168,Isak Arvidsson,1992-08-06,27
91204,Nick Lindahl,1988-07-31,31
91326,Piotr Gadomski,1991-01-12,28
91448,Giulio Torroni,1983-12-08,36
91619,Chuhan Wang,1992-02-24,27
91698,Sebastian Fanselow,1991-12-30,28
91869,Nicolas Kicker,1992-08-16,27
91957,Kevin Griekspoor,1991-01-10,28
92075,Hernan Casanova,1994-02-06,25
92107,Enrico Fioravante,1990-09-04,29
92136,Shota Tagawa,1991-08-13,28
92209,Mauricio Astorga,1991-06-19,28
92247,Alexandre Schnitman,1992-03-27,27
92283,Giacomo Oradini,1990-05-24,29
92316,Ricardo Siggia,1989-06-05,30
92439,Lewis Burton,1992-03-23,27
92548,Michael Shabaz,1987-08-20,32
92634,Mohammad Ghareeb,1980-07-22,39
92805,Dennis Novak,1993-08-28,26
92846,Chris Wettengel,1982-04-17,37
93017,Aslan Karatsev,1993-09-04,26
93079,Davy Sum,1989-07-17,30
93250,Filippo Leonardi,1987-12-22,32
93421,Romain Arneodo,1992-08-04,27
93592,Tomislav Ternar,1990-09-16,29
93757,Vadim Alekseenko,1983-05-19,36
93875,Jack Carpenter,1992-04-11,27
94041,Caio Silva,1991-10-15,28
94212,Wilson Leite,1991-11-06,28
94359,Roberto Quiroz,1992-02-23,27
94526,Albert Alcaraz Ivorra,1995-05-15,24
94697,Juan Lizariturry,1991-04-20,28
94780,Sean Berman,1993-01-08,26
94800,Mark Verryth,1991-05-03,28
94878,Giammarco Micolani,1992-09-12,27
94966,Lukas Jastraunig,1989-08-03,30
95137,Richard Gabb,1992-02-12,27
95260,Marcus Daniell,1989-11-09,30
95318,Andreas Vinciguerra,1981-02-19,38
95483,Patrick Ofner,1993-05-06,26
95517,Ryan Rowe,1986-04-03,33
95639,Ashley Hewitt,1992-02-06,27
95704,Maximilian Dinslaken,1992-06-08,27
95874,Mathias Bourgue,1994-01-18,25
95890,Andrei Daescu,1988-08-28,31
95934,Otakar Lucak,1990-10-21,29
96006,Sasa Stojisavljevic,1987-02-26,32
96117,Matthew Short,1990-01-08,29
96152,Diego Matos,1988-04-27,31
96323,Kimmer Coppejans,1994-02-07,25
96426,Tihomir Grozdanov,1987-04-29,32
96595,Thanasi Kokkinakis,1996-04-10,23
96751,Denis Bejtulahi,1987-06-01,32
96771,Daniel Geib,1990-04-19,29
96942,Gonzalo Lama,1993-04-27,26
97113,Pascal Brunner,1989-06-11,30
97140,Mehdi Ziadi,1986-09-20,33
97286,Milos Sekulic,1989-11-04,30
97324,Sebastian Serrano,1987-04-24,32
97495,Francesco Picco,1991-01-01,28
97564,Dominik Schulz,1992-03-16,27
97610,Gustavo Guerses,1990-12-30,29
97640,Juan Pablo Ortiz,1991-06-09,28
97758,Matias Sborowitz,1993-07-09,26
97929,Mateo Nicolas Martinez,1994-03-05,25
98100,Matthias Wunner,1993-03-10,26
98271,Mitchell Krueger,1994-01-12,25
98299,Nicolas Rosenzweig,1986-01-17,33
98417,Mitchell Frank,1992-10-16,27
98588,Yoshihito Nishioka,1995-09-27,24
98629,Romain Sichez,1990-09-24,29
98653,Adam Sanjurjo Hermida,1995-04-24,24
98686,Ralph Regus,1990-07-18,29
98777,Arkadiusz Kocyla,1993-11-02,26
98948,Miki Jankovic,1994-09-26,25
99119,Andrew Whittington,1993-08-11,26
99290,Oriol Roca Batalla,1993-04-30,26
99314,Marko Lenz,1991-05-10,28
99425,Gengo Kikuchi,1991-11-07,28
99596,Luke Bambridge,1995-01-21,24
99618,Antonio Comporto,1989-06-14,30
99740,Yannick Vandenbulcke,1990-07-18,29
99776,Riccardo Maiga,1989-07-09,30
99798,Sebastian Lavie,1992-03-18,27
99951,Jorge Montero,1990-09-21,29
100122,Julien Cagnina,1994-06-04,25
100152,Andrei Mlendea,1984-08-03,35
100223,Viktor Filipenko,1991-09-25,28
100372,Maverick Banes,1992-04-10,27
100395,Diego Hidalgo,1993-04-18,26
100451,Dorian Descloix,1988-03-14,31
100600,Denys Mylokostov,1993-04-05,26
100643,Felipe Rios,1992-03-04,27
100664,Ashwin Vijayragavan,1989-06-26,30
100784,Peter Goldsteiner,1990-07-31,29
100806,Richard Waite,1990-07-31,29
100885,Alex Blumenberg,1992-05-15,27
100997,Tim Nekic,1992-12-09,27
101026,Ruben Gonzales,1985-09-11,34
101179,Richard Becker,1991-01-29,28
101331,Alexandre Tsuchiya,1992-12-05,27
101502,Tomas Lipovsek Puches,1993-04-17,26
101673,Filip Veger,1994-12-21,25
101787,Jakub Lustyk,1988-09-23,31
101813,Tomas Buchhass,1992-05-20,27
101879,Constantin Belot,1991-02-20,28
101903,Mark Vervoort,1990-10-07,29
102023,Ryan Agar,1987-06-21,32
102135,Bowen Ouyang,1992-05-19,27
102304,Alexander Zverev,1997-04-20,22
102475,Nick Kyrgios,1995-04-27,24
102501,Mislav Hizak,1984-07-14,35
102535,Simon Ede,1992-03-13,27
102630,Nico Matic,1992-01-01,27
102724,Valentin Florez,1991-02-08,28
102887,Yuichi Ito,1986-08-06,33
102996,Bumpei Sato,1985-12-16,34
103126,Andrei Plotniy,1988-04-07,31
103140,Ilia Shatskiy,1991-07-21,28
103219,Mikhail Vaks,1993-07-18,26
103242,George Morgan,1993-02-07,26
103361,Marvin Netuschil,1991-07-02,28
103407,Michal Mertinak,1979-10-11,40
103491,Jeroen Vanneste,1994-01-17,25
103527,Dennis Lajola,1989-02-12,30
103574,Robin Olin,1992-01-26,27
103745,Luis David Martinez,1989-05-12,30
103774,Olivier Sajous,1987-02-04,32
103818,Nikolai Fidirko,1987-06-15,32
103979,Gabriel Alejandro Hidalgo,1990-08-06,29
104129,Sho Katayama,1989-05-12,30
104300,Dennis Nevolo,1989-12-22,30
104471,Federico Zeballos,1988-05-30,31
104549,Josko Topic,1983-12-08,36
104579,Vladimir Obradovic,1981-02-04,38
104596,Deniss Pavlovs,1983-04-15,36
104677,Alessandro Petrone,1990-12-23,29
104743,George Von Massow,1990-03-21,29
104908,Andrei Vasilevski,1991-05-28,28
104947,Emilien Firmin,1990-07-11,29
105118,Markus Eriksson,1989-11-29,30
105163,Mauricio Perez Mota,1993-09-21,26
105194,Sergei Krotiouk,1978-06-21,41
105365,Sebastien Boltz,1993-04-05,26
105420,Sami Reinwein,1992-05-29,27
105485,Simon Cauvard,1986-10-21,33
105545,Tuna Altuna,1989-01-30,30
105703,Tristan Lamasine,1993-03-05,26
105857,Martin Vaisse,1987-08-11,32
105895,David Thurner,1990-01-12,29
106049,Gibril Diarra,1990-05-26,29
106196,Daniiar Duldaev,1992-10-27,27
106257,Marko Danis,1991-10-23,28
106420,Karunuday Singh,1990-11-19,29
106447,Mateusz Kowalczyk,1987-05-03,32
106463,Murad Inoyatov,1984-11-13,35
106587,Dragos Dima,1992-06-16,27
106722,Alban Meuffels,1992-08-24,27
106736,Yu Cheng Li,1992-02-21,27
106746,Gero Kretschmer,1985-05-06,34
106916,Stefano Napolitano,1995-04-11,24
107054,Ilija Vucic,1990-10-27,29
107168,Juraj Masar,1992-07-10,27
107241,Jan Kuncik,1993-03-20,26
107409,Liam Broady,1994-01-04,25
107532,Matteo Fago,1987-10-14,32
107686,Marco Bortolotti,1991-01-21,28
107711,Gorka Fraile,1978-04-07,41
107737,Dominic Inglot,1986-03-06,33
107762,Julian Knowle,1974-04-29,45
107833,Colin Ebelthite,1984-11-27,35
107855,Bruno Semenzato,1992-07-11,27
107981,Prajnesh Gunneswaran,1989-11-12,30
108025,Andrew Carter,1990-03-28,29
108051,Elbert Sie,1987-09-06,32
108058,Lubomir Majsajdr,1988-04-01,31
108065,Marco Viola,1983-10-28,36
108224,Ivan Endara,1988-03-04,31
108382,Yann Marti,1988-06-07,31
108513,Nik Razborsek,1993-10-04,26
108542,Christopher Racz,1988-02-12,31
108713,Egor Gerasimov,1992-11-11,27
108757,Alexander Slabinsky,1986-03-06,33
108866,Mikhail Biryukov,1992-04-28,27
109037,Filip Peliwo,1994-01-30,25
109208,Ji Sung Nam,1993-08-15,26
109270,Reid Carleton,1989-02-27,30
109360,Abdullah Maqdas,1987-03-31,32
109520,Sherif Sabry,1986-08-29,33
109604,Alexandre Penaud,1987-05-20,32
109775,Federico Coria,1992-03-09,27
109820,Chris Letcher,1985-05-11,34
109991,Maxim Dubarenco,1993-06-24,26
110162,Mate Delic,1993-04-29,26
110333,Joris De Loore,1993-04-21,26
110504,Facundo Mena,1992-09-22,27
110580,Prakash Amritraj,1983-10-02,36
110751,David Perez Sanz,1994-05-15,25
110922,Edoardo Eremin,1993-10-05,26
111093,Dennis Novikov,1993-11-06,26
111264,Nicolas Meister,1989-05-15,30
111303,Tom Burn,1985-07-30,34
111474,Gianluigi Quinzi,1996-02-01,23
111517,Adam Chadaj,1984-05-01,35
111622,Sarvar Ikramov,1985-01-10,34
111793,Kyle Edmund,1995-01-08,24
111964,Dimitar Kuzmanov,1993-07-28,26
112093,Wesley Koolhof,1989-04-17,30
112251,Denis Yevseyev,1993-05-22,26
112422,Jan Satral,1990-07-24,29
112593,Jason Jung,1989-06-15,30
112670,Milan Pokrajac,1987-10-31,32
112841,Erik Crepaldi,1990-05-04,29
112997,Miliaan Niesten,1988-06-27,31
113123,Richard Muzaev,1992-03-21,27
113294,Vladimir Uzhylovsky,1988-03-25,31
113465,Hiroyasu Ehara,1991-07-18,28
113636,Hugo Nys,1991-02-16,28
113807,Eduardo Dischinger,1992-05-18,27
113951,Jesse Witten,1982-10-15,37
114009,Matheson Klein,1989-07-12,30
114124,Andrei Ciumac,1985-09-10,34
114167,Marin Draganja,1991-05-13,28
114192,Dieter Kindlmann,1982-06-03,37
114363,Salvatore Caruso,1992-12-15,27
114534,Sam Barry,1992-01-27,27
114605,Sergio Galdos,1990-01-02,29
114644,Nicolas Gustavo Kauer,1991-09-16,28
114815,Sekou Bangoura,1991-11-18,28
114986,Emilio Gomez,1991-11-28,28
115006,Alexey Kedryuk,1980-08-08,39
115177,Duje Kekez,1993-03-30,26
115348,Filip Horansky,1993-01-07,26
115519,Bjorn Fratangelo,1993-07-19,26
115609,Arsenije Zlatanovic,1989-12-04,30
115780,Bastian Trinker,1990-05-11,29
115944,James Marsalek,1992-04-05,27
115982,Patrik Brydolf,1991-11-27,28
116153,Yan Bai,1989-05-21,30
116321,Jeremy Jahn,1990-04-05,29
116437,Alexander Bury,1987-09-14,32
116608,Eric Quigley,1989-01-30,30
116695,Laurent Malouli,1987-11-02,32
116765,Nikita Kryvonos,1986-09-01,33
116789,Joshua Zavala,1988-04-23,31
116960,Carlos Eduardo Severino,1990-12-05,29
117069,Augusto Laranja,1992-04-15,27
117103,Marko Djokovic,1991-08-20,28
117195,Kaza Vinayak Sharma,1991-03-28,28
117243,Michal Pazicky,1987-12-13,32
117310,Takao Suzuki,1976-09-20,43
117476,Hyeon Chung,1996-05-19,23
117561,Michael Bois,1993-11-19,26
117575,Peng Gao,1987-08-02,32
117652,Colin Van Beem,1992-04-28,27
117684,Jeroen Benard,1991-02-16,28
117695,Fabricio Burdisso,1991-09-17,28
117765,Filipe Brandao,1991-12-13,28
117902,Martin Cuevas,1992-01-14,27
117904,Jack Schipanski,1994-04-16,25
118035,Toby Martin,1993-02-19,26
118081,Wishaya Trongcharoenchaikul,1995-04-08,24
118239,Gavin Van Peperzeel,1992-03-29,27
118404,Ramkumar Ramanathan,1994-11-08,25
118492,Torsten Wietoska,1989-05-07,30
118655,Maxime Chazal,1993-04-24,26
118739,Lorenzo Frigerio,1989-02-17,30
118899,Jordan Thompson,1994-04-20,25
119060,Marcus Willis,1990-10-09,29
119219,Christian Garin,1996-05-30,23
119378,Constant Lestienne,1992-05-23,27
119395,Alexander Domijan,1991-09-03,28
119451,Jean Andersen,1988-06-17,31
119561,Tyler Hochwalt,1989-02-05,30
119718,Pol Toledo Bague,1994-12-22,25
119874,Andre Gaspar Murta,1994-08-08,25
120030,Marat Deviatiarov,1994-04-19,25
120185,Alexis Musialek,1988-07-04,31
120238,Jonathon Cooper,1991-08-29,28
120329,Daniel Glancy,1988-11-13,31
120448,Leonardo Tavares,1984-02-20,35
120601,Ricardo Ojeda Lara,1993-01-26,26
120745,Tak Khunn Wang,1991-10-12,28
120837,Patrick Ciorcila,1996-09-20,23
120990,Martins Podzus,1994-06-29,25
121036,Valentin Dimov,1989-03-12,30
121080,Issei Okamura,1992-05-26,27
121231,Yuuya Kibi,1986-07-23,33
121287,Enzo Py,1995-05-09,24
121426,Mico Santiago,1994-03-11,25
121577,Kevin King,1991-02-28,28
121728,Calvin Hemery,1995-01-28,24
121736,Tal Eros,1989-09-16,30
121783,Younes Rachidi,1986-09-13,33
121840,Luca Margaroli,1992-02-15,27
121989,Borna Coric,1996-11-14,23
122138,Pedja Krstin,1994-09-03,25
122287,Joao Domingues,1993-10-05,26
122304,Purav Raja,1985-12-07,34
122453,Omar Giacalone,1992-01-11,27
122596,Remi Boutillier,1990-01-15,29
122663,Hicham Khaddari,1991-08-19,28
122811,Vladyslav Manafov,1993-04-22,26
122956,Laslo Djere,1995-06-02,24
123105,Enzo Couacaud,1995-03-01,24
123113,Vaja Uzakov,1988-06-04,31
123251,Karim Hossam,1994-04-08,25
123348,Yassine Idmbarek,1986-12-07,33
123484,Pawel Cias,1994-02-22,25
123631,Eduard Esteve Lobato,1994-09-18,25
123741,Alexander Vasilenko,1995-02-26,24
123790,Igor Smilansky,1995-03-26,24
123917,Kirill Dmitriev,1991-08-09,28
123979,Ivan Anikanov,1988-03-15,31
124079,Alexios Halebian,1994-06-08,25
124225,Frederico Ferreira Silva,1995-03-18,24
124261,George Jecminek,1987-01-30,32
124403,Quentin Halys,1996-10-26,23
124548,Jacob Grills,1995-06-18,24
124658,Christian Trubrig,1992-11-13,27
124796,Laurent Lokoli,1994-10-18,25
124941,David Vega Hernandez,1994-06-23,25
125079,Pruchya Isarow,1995-10-16,24
125223,Marcos Giraldi Requena,1993-11-26,26
125351,Dominik Suc,1990-09-19,29
125434,George Coupland,1989-05-12,30
125549,Masato Shiga,1991-08-08,28
125693,Tucker Vorster,1988-09-03,31
125837,Juan Pablo Paz,1995-01-04,24
125957,Andrew Harris,1994-03-07,25
126025,Felipe Escobar,1994-05-04,25
126071,Herkko Pollanen,1994-07-21,25
126199,Micke Kontinen,1992-12-18,27
126216,Maxime Forcin,1989-06-26,30
126345,Mike Urbanija,1989-12-26,30
126486,Tom Schonenberg,1991-06-15,28
126612,Jarmere Jenkins,1990-11-25,29
126657,Jason Tahir,1993-05-26,26
126793,Takashi Saito,1995-02-23,24
126934,Bar Tzuf Botzer,1994-03-02,25
126992,Alexander Ritschard,1994-03-24,25
127133,Brayden Schnur,1995-07-04,24
127179,Reda El Amrani,1988-05-19,31
127321,Dayne Kelly,1990-07-23,29
127462,Baris Erguden,1986-01-01,33
127541,Bastian Wagner,1994-07-16,25
127560,Stepan Khotulev,1989-05-28,30
127672,Janez Semrajc,1989-07-24,30
127810,Henrique Cunha,1990-04-30,29
127949,Johan Sebastien Tatlot,1996-03-26,23
128015,Pavel Krainik,1992-09-28,27
128149,Alexander Sarkissian,1990-04-03,29
128262,Markos Kalovelonis,1994-05-18,25
128402,Andrea Basso,1993-10-08,26
128541,Nerman Fatic,1994-10-24,25
128592,Alex Llompart,1990-05-11,29
128730,Matteo Donati,1995-02-28,24
128769,Lorenzo Papasidero,1990-05-12,29
128856,Blazej Koniusz,1988-02-22,31
128961,Oscar Otte,1993-07-16,26
129051,Mikelis Libietis,1992-07-09,27
129185,Noah Rubin,1996-02-21,23
129321,Juan Ignacio Galarza,1994-03-18,25
129330,Guilherme Hadlich,1994-05-05,25
129456,Adelchi Virgili,1990-03-10,29
129537,Vladimir Polyakov,1994-06-18,25
129674,Bastian Malla,1996-09-22,23
129811,Marko Tepavac,1994-04-05,25
129857,Costin Paval,1990-09-01,29
129918,Mazen Osama,1995-02-09,24
130055,Pedro Sakamoto,1993-06-29,26
130191,Mackenzie Mcdonald,1995-04-16,24
130315,Dejan Katic,1988-03-07,31
130433,Maxime Tchoutakian,1994-01-03,25
130568,Felipe Mantilla,1993-05-10,26
130702,Gonzalo Escobar,1989-01-20,30
130815,Sebastian Exequiel Pini,1994-07-20,25
130850,Hassan Ndayishimiye,1994-08-12,25
130983,Dekel Bar,1993-03-15,26
131068,Devin Mccarthy,1990-11-11,29
131070,Pavel Filin,1992-03-29,27
131205,Gregoire Barrere,1994-02-16,25
131340,Andrey Rublev,1997-10-20,22
131386,Cedrick Commin,1993-01-12,26
131520,Yannick Maden,1989-10-28,30
131642,Arthur Surreaux,1987-02-11,32
131776,Pedro Cachin,1995-04-12,24
131910,Jared Donaldson,1996-10-09,23
132037,Evan King,1992-03-25,27
132171,Tomislav Jotovski,1990-10-27,29
132299,Clement Geens,1996-03-11,23
132311,Lukas Marsoun,1986-02-07,33
132356,Robert Carter,1993-07-13,26
132489,Pietro Rondoni,1993-11-03,26
132502,Sergey Strelkov,1991-01-04,28
132623,Robin Stanek,1995-01-03,24
132755,Marcos Giron,1993-07-24,26
132887,Karen Khachanov,1996-05-21,23
133001,Adrian Partl,1993-11-13,26
133097,Jonas Luetjen,1990-08-13,29
133228,Blake Mott,1996-04-21,23
133317,Alexander Zhurbin,1992-01-14,27
133448,Ernesto Escobedo,1996-07-04,23
133494,Guillermo Nunez,1995-07-22,24
133624,Elias Ymer,1996-04-10,23
133754,Nikola Milojevic,1995-06-19,24
133875,Henrik Sillanpaa,1991-04-21,28
133929,Naoki Nakagawa,1996-11-19,23
134057,Yusuke Watanuki,1990-05-20,29
134155,Francisco Bahamonde,1996-11-07,23
134282,Eduardo Agustin Torre,1994-10-18,25
134410,Pirmin Haenle,1988-10-31,31
134490,Gonzalo Villanueva,1995-01-13,24
134600,Nicola Ghedin,1988-09-26,31
134645,Benjamin Ugarte,1993-03-10,26
134695,Kevin Kaczynski,1994-04-06,25
134817,Jacob Adaktusson,1980-08-31,39
134945,Ilya Ivashka,1994-02-24,25
135062,Filippo Baldi,1996-01-10,23
135190,Libor Salaba,1992-08-26,27
135236,Joachim Johansson,1982-07-01,37
135363,Sadio Doumbia,1990-09-12,29
135368,Connor Farren,1994-10-03,25
135493,Gregoire Jacq,1992-11-09,27
135619,Temur Ismailov,1995-01-14,24
135734,Vasile Antonescu,1990-03-24,29
135814,Rodrigo Sanchez,1991-09-19,28
135818,Mark Fynn,1985-04-16,34
135942,Evan Song,1992-06-07,27
135961,Florian Barth,1989-03-06,30
136083,Vaclav Safranek,1994-05-20,25
136115,Ariel Behar,1989-11-12,30
136239,Tigre Hank,1991-09-30,28
136363,Evgeny Karlovskiy,1994-08-07,25
136487,Nicolas Jarry,1995-10-11,24
136554,Anton Galkin,1991-12-24,28
136675,Jonas Merckx,1993-10-04,26
136765,Matej Sabanov,1992-06-25,27
136886,Maximilian Marterer,1995-06-15,24
136959,Kyle Mcmorrow,1990-08-20,29
137079,Maxime Hamou,1995-06-08,24
137141,Alexis Klegou,1989-01-25,30
137158,Idio Escobar,1991-11-22,28
137203,Moritz Buerchner,1990-04-24,29
137242,Andreas Mies,1990-08-21,29
137275,Thomas Statzberger,1992-09-27,27
137388,Franjo Raspudic,1990-11-15,29
137485,Cameron Norrie,1995-08-23,24
137598,Florian Fallert,1992-05-25,27
137710,Pietro Licciardi,1994-05-17,25
137805,Ronald Slobodchikov,1993-12-04,26
137853,Juan Manuel Benitez Chavarriaga,1995-09-22,24
137962,Kamil Majchrzak,1996-01-13,23
137984,Tobias Blomgren,1992-07-09,27
138093,Aleksandre Metreveli,1993-08-10,26
138176,Janis Podzus,1994-06-29,25
138284,Dmytro Badanov,1988-01-19,31
138300,Yosuke Watanuki,1998-04-12,21
138400,Jorge Brian Panta Herreros,1995-07-22,24
138506,Cem Ilkel,1995-08-21,24
138612,Jordan Ubiergo,1993-07-27,26
138717,Stefan Kozlov,1998-02-01,21
138822,Gianluca Mager,1994-12-01,25
138926,Omar Jasika,1997-05-18,22
139027,Roman Safiullin,1997-08-07,22
139130,Petros Chrysochos,1996-04-08,23
139160,Alexandr Kushakov,1991-05-02,28
139253,Ivan Gakhov,1996-11-04,23
139355,Connor Smith,1990-12-19,29
139457,Samuel Bensoussan,1991-11-18,28
139458,Hugo Di Feo,1995-04-18,24
139509,Samuel Ribeiro Navarrete,1993-06-12,26
139525,Dante Gennaro,1993-05-14,26
139529,Jathan Malik,1994-06-27,25
139612,Tal Goldengoren,1996-04-16,23
139706,Goncalo Oliveira,1995-02-17,24
139806,Romain Barbosa,1994-04-17,25
139907,Mats Moraing,1992-06-20,27
140008,Matija Pecotic,1989-07-03,30
140105,Theo Fournerie,1997-03-06,22
140194,Antonio Sancic,1988-11-23,31
140240,Jake Eames,1991-01-08,28
140254,Daniel Windahl,1996-07-20,23
140312,Ilya Lebedev,1990-08-01,29
140399,Collin Altamirano,1995-12-07,24
140443,Damon Gooch,1986-07-11,33
140499,Vasco Mensurado,1994-04-01,25
140501,Daniel Uhlig,1991-07-28,28
140598,Peter Kobelt,1990-11-17,29
140680,Ugo Nastasi,1993-04-16,26
140723,Katsuki Nagao,1989-04-14,30
140821,Sanjar Fayziev,1994-07-29,25
140916,Lucas Gomez,1995-08-11,24
140999,Hiromasa Oku,1989-07-31,30
141095,Niels Lootsma,1994-08-15,25
141187,Scott Griekspoor,1991-01-10,28
141273,Hong Chung,1993-05-16,26
141367,Daniel Masur,1994-11-06,25
141460,Raymond Sarmiento,1992-07-24,27
141553,Nicolas Alberto Arreche,1994-09-15,25
141643,Dmitry Popko,1996-10-24,23
141730,Hans Hach Verdugo,1989-11-11,30
141759,Danylo Kalenichenko,1994-02-02,25
141851,Maxime Janvier,1996-10-18,23
141942,Luis Patino,1993-10-06,26
141946,Jesus Bandres,1991-01-30,28
141986,Spencer Papa,1995-10-22,24
142046,Piotr Lomacki,1995-11-28,24
142092,Martin Pedersen,1987-06-15,32
142171,Florent Diep,1991-09-24,28
142262,Lukas Mugevicius,1994-12-07,25
142342,Juan Ignacio Ameal,1994-05-08,25
142346,Luka Zaninovic,1987-06-20,32
142436,Daniil Medvedev,1996-02-11,23
142516,Michael Mmoh,1998-01-10,21
142604,Kaichi Uchida,1994-08-23,25
142692,Jan Choinski,1996-06-10,23
142739,Juan Pablo Ficovich,1997-01-24,22
142785,Julian Lenz,1993-02-17,26
142843,Miguel Semmler,1997-05-02,22
142916,George Tsivadze,1993-01-02,26
142991,Sergio Martos Gornes,1994-10-19,25
143078,Evgeny Tyurnev,1997-04-08,22
143167,Peter Nagy,1992-03-17,27
143256,Yannick Hanfmann,1991-11-13,28
143303,Oscar Hernandez,1978-04-10,41
143342,Fedor Chervyakov,1993-01-13,26
143369,Shotaro Goto,1994-08-04,25
143456,Lorenzo Sonego,1995-05-11,24
143543,Jonathan Kanar,1994-09-19,25
143631,Matteo Marfia,1987-03-06,32
143703,Artur Dubinski,1996-03-27,23
143766,Filip Brtnicky,1992-04-25,27
143853,Luca Pancaldi,1993-06-21,26
143931,Sander Gille,1991-01-15,28
144017,Maxime Tabatruong,1989-09-24,30
144103,Riccardo Bonadio,1993-07-13,26
144188,Mick Lescure,1993-06-02,26
144272,Matias Zukas,1996-05-04,23
144356,Harry Bourchier,1996-01-24,23
144441,Daniele Capecchi,1995-10-11,24
144525,Anil Yuksel,1990-05-19,29
144608,Viktor Durasovic,1997-03-19,22
144687,Patrik Fabian,1994-03-20,25
144769,Young Seok Kim,1995-05-12,24
144777,Ferdinando Bonuccelli,1991-06-14,28
144816,Gleb Alekseenko,1983-05-19,36
144825,Thomas Holzer,1983-12-11,36
144907,Johannes Haerteis,1996-02-22,23
144963,Gustavo Vellbach,1992-09-24,27
144965,Adrian Bodmer,1995-03-06,24
145045,Pablo Vivero Gonzalez,1995-04-26,24
145125,Deiton Baughman,1996-04-23,23
145198,Omar Salman,1996-04-22,23
145253,Alexander Bublik,1997-06-17,22
145258,Keita Koyama,1986-08-06,33
145305,Marek Jaloviec,1994-01-21,25
145384,Sasi Kumar Mukund,1997-01-14,22
145431,Ben Mclachlan,1992-05-10,27
145507,Jaume Pla Malfeito,1995-06-03,24
145585,Evgeny Elistratov,1994-12-28,25
145661,Tom Jomby,1991-02-18,28
145721,Julio Peralta,1981-09-09,38
145798,Wil Spencer,1989-09-08,30
145832,Davide Della Tommasina,1990-04-07,29
145878,Alan Kohen,1993-04-20,26
145955,Manuel Sanchez,1991-01-05,28
146021,Mohit Mayur Jayaprakash,1993-09-14,26
146083,Christopher Heyman,1993-10-08,26
146096,Lukas Ruepke,1993-07-06,26
146139,Timur Khabibulin,1995-08-02,24
146155,Alberto Cammarata,1993-04-08,26
146196,Phassawit Burapharitta,1992-12-24,27
146261,Xin Gao,1994-05-12,25
146307,Rafael Matos,1996-01-06,23
146380,Joe Salisbury,1992-04-20,27
146445,Leon Schutt,1993-11-11,26
146517,Matias Franco Descotte,1994-08-29,25
146576,Yannick Thivant,1987-01-22,32
146644,Mario Vilella Martinez,1995-07-03,24
146712,Francis Tiafoe,1998-01-20,21
146742,Marc Polmans,1997-05-02,22
146810,Tommy Paul,1997-05-17,22
146877,Hugo Grenier,1996-03-23,23
146945,Jaume Antoni Munar Clar,1997-05-05,22
147008,Michael Geerts,1995-01-17,24
147070,Taylor Harry Fritz,1997-10-28,22
147132,Fabien Reboul,1995-09-09,24
147194,Elmar Ejupovic,1993-02-01,26
147204,Jelle Sels,1995-08-10,24
147265,Franco Agamenone,1993-04-15,26
147326,Zdenek Kolar,1996-10-09,23
147348,Christoffer Solberg,1994-02-01,25
147353,Loic Perret,1994-06-08,25
147405,Corentin Moutet,1999-04-19,20
147465,Benjamin Bonzi,1996-06-09,23
147516,Bernabe Zapata Miralles,1997-01-12,22
147577,Tobias Simon,1991-05-18,28
147638,Yanais Laurent,1992-06-06,27
147698,Georgi Rumenov Payakov,1989-12-15,30
147758,Finn Tearney,1990-09-27,29
147815,Adrien Puget,1991-03-04,28
147871,Lucas Miedler,1996-06-21,23
147921,Zhizhen Zhang,1996-10-16,23
147971,Sumit Nagal,1997-08-16,22
148020,Daniel Elahi Galan Riveros,1996-06-18,23
148078,Orlando Luz,1998-02-08,21
148134,Andre Dome,1990-08-13,29
148177,Lloyd Glasspool,1993-11-19,26
148227,Clay Thompson,1992-05-04,27
148270,Makoto Ochi,1996-05-03,23
148326,Matteo Berrettini,1996-04-12,23
148371,Joran Vliegen,1993-07-07,26
148426,Francesco Vilardo,1989-12-28,30
148468,Lennert Van Der Linden,1989-07-29,30
148513,Bradley Mousley,1996-01-03,23
148554,Anis Ghorbel,1989-04-24,30
148592,Stefanos Tsitsipas,1998-08-12,21
148646,Edan Leshem,1997-03-19,22
148683,Evan Hoyt,1995-01-16,24
148719,Tim Van Rijthoven,1997-04-24,22
148765,Petr Michnev,1989-08-03,30
148819,Mikael Ymer,1998-09-09,21
148863,Tallon Griekspoor,1996-07-02,23
148915,Altug Celikbilek,1996-09-07,23
148964,Alex Rybakov,1997-01-27,22
149013,Yecong He,1994-02-15,25
149070,Akira Santillan,1997-05-22,22
149124,Pascal Meis,1993-06-11,26
149164,Hubert Hurkacz,1997-02-11,22
149213,Jared Hiltzik,1994-07-08,25
149265,Sidharth Rawat,1993-04-21,26
149308,Maciej Rajski,1991-05-03,28
149357,Martin Blasko,1996-01-07,23
149403,Luka Ilic,1995-03-10,24
149459,Fred Simonsson,1994-11-27,25
149500,Ronit Singh Bisht,1996-04-06,23
149555,Mariano Kestelboim,1996-02-06,23
149604,Pedro Martinez Portero,1997-04-26,22
149645,Vasko Mladenov,1989-07-30,30
149684,Antoine Bellier,1996-10-18,23
149726,Antonio Massara,1995-09-16,24
149774,Lenny Hampel,1996-12-24,23
149818,Alexandre Muller,1997-02-01,22
149869,Benjamin Lock,1993-03-04,26
149914,Aleksandar Vukic,1996-04-06,23
149946,Marcelo Tomas Barrios Vera,1997-12-10,22
149981,Ryan Shane,1994-04-15,25
150028,Felix Auger Aliassime,2000-08-08,19
150070,Sebastian Ofner,1996-05-12,23
150120,Nino Serdarusic,1996-12-13,23
150160,Stijn Meulemans,1992-06-26,27
150209,Ronan Joncour,1997-01-27,22
150240,Gonzales Austin,1992-11-05,27
150267,Seong Chan Hong,1997-06-30,22
150315,Carlos Taberner,1997-08-08,22
150353,Franco Emanuel Egea,1996-01-01,23
150389,Scott Clayton,1994-02-11,25
150433,Borja Rodriguez Manzano,1992-02-11,27
150465,Carl Soderlund,1997-06-03,22
150506,Michel Vernier,1992-09-27,27
150549,Alessandro Luisi,1989-11-04,30
150596,Thomas Fancutt,1995-02-25,24
150629,Alejandro Mendoza,1990-02-02,29
150679,Gabor Borsos,1991-06-30,28
150712,Lucas Catarina,1996-08-26,23
150763,Pavel Nejedly,1993-02-13,26
150796,Oliver Anderson,1998-04-30,21
150824,Christoph Negritu,1994-03-21,25
150840,Thomas Brechemier,1996-06-28,23
150850,Zhaoyi Cao,1993-12-05,26
150863,Thomas Grinberg,1994-06-27,25
150898,Teri Groll,1992-12-10,27
150900,Enzo Sommer,1995-05-01,24
150946,Timon Reichelt,1989-05-19,30
150984,Jonathan Mridha,1995-04-08,24
151026,Divij Sharan,1986-03-02,33
151033,Vlad Victor Cornea,1993-09-24,26
151087,Corentin Denolly,1997-06-06,22
151115,Alexander Perfilov,1985-05-17,34
151146,Luca George Tatomir,1995-08-21,24
151181,Barkin Yalcinkale,1991-06-25,28
151202,Leandro Portmann,1994-01-13,25
151213,Romain Bauvy,1994-06-29,25
151221,Roberto Cid,1993-08-30,26
151235,Steven De Waard,1991-05-05,28
151303,Michael Grant,1992-02-13,27
151326,Vadym Ursu,1997-01-01,22
151352,Vullnet Tashi,1993-01-10,26
151392,Yuqing Ning,1994-05-09,25
151397,Anton Pavlov,1995-08-04,24
151434,Adria Mas Mascolo,1993-03-23,26
151478,Aljaz Radinski,1995-06-08,24
151480,Francesco Borgo,1985-07-14,34
151522,Petar Conkic,1996-05-17,23
151565,Ryota Tanuma,1995-09-22,24
151605,Daniel Altmaier,1998-09-12,21
151637,Fajing Sun,1996-10-03,23
151672,Alex Molcan,1997-12-01,22
151714,Yunseong Chung,1998-03-27,21
151747,Anton Desyatnik,1995-10-07,24
151783,Dominik Boehler,1996-02-21,23
151817,Daniel Appelgren,1996-05-06,23
151855,Jannis Kahlke,1994-06-09,25
151868,Gianluca Di Nicola,1995-12-07,24
151900,Andrei Stefan Apostol,1995-02-25,24
151931,Hannes Wagner,1995-10-25,24
151948,Reilly Opelka,1997-08-28,22
151979,Winston Lin,1993-04-25,26
152002,Federico Maccari,1994-02-07,25
152026,Paul Monteban,1993-01-18,26
152044,Santiago Fa Rodriguez Taverna,1999-07-16,20
152072,Dominik Kellovsky,1996-07-24,23
152100,Henrik Wiersholm,1997-03-27,22
152121,Geoffrey Blancaneaux,1998-08-08,21
152127,Martin Beran,1995-11-27,24
152148,Denis Shapovalov,1999-04-15,20
152160,Jarryd Chaplin,1992-04-13,27
152181,Max Purcell,1998-04-03,21
152197,Alvaro Lopez San Martin,1997-06-02,22
152216,Casper Ruud,1998-12-22,21
152235,Simeon Rossier,1995-01-15,24
152253,Tomas Papik,1994-04-13,25
152271,Alex De Minaur,1999-02-17,20
152286,Nam Hoang Ly,1997-02-25,22
152302,Peter Vajda,1996-05-10,23
152318,Demian Raab,1993-07-20,26
152334,Amine Ahouda,1997-09-11,22
152349,Vitaly Kozyukov,1994-06-02,25
152363,Cameron Silverman,1992-05-11,27
152378,Alberto Romero De Avila Senise,1997-12-03,22
152393,Alexis Gautier,1997-04-07,22
152407,Andrea Vavassori,1995-05-05,24
152418,Ryan Haviland,1980-12-12,39
152431,Jules Okala,1997-08-18,22
152443,Baptiste Crepatte,1994-09-21,25
152455,David Pichler,1996-02-19,23
152466,Antonio Campo,1993-08-04,26
152476,Andrea Pellegrino,1997-03-23,22
152486,Yan Sabanin,1990-01-31,29
152494,Miomir Kecmanovic,1999-08-31,20
152503,Nathan Pasha,1992-07-15,27
152512,Kunal Anand,1992-06-02,27
152521,Ugo Humbert,1998-06-26,21
152530,Khumoun Sultanov,1998-10-27,21
152539,Shintaro Imai,1993-09-07,26
152547,Thibault Venturino,1989-04-29,30
152555,Kenneth Raisma,1998-04-03,21
152563,Yusuke Takahashi,1997-10-17,22
152571,Alejandro Tabilo,1997-06-02,22
152578,Dragos Nicolae Madaras,1997-09-12,22
152585,Daniel Nolan,1997-03-12,22
152591,Aziz Dougaz,1997-03-26,22
152593,Dan Dowson,1996-05-31,23
152599,Nils Brinkman,1992-06-25,27
152603,Cristian Carli,1996-03-25,23
152609,Daniel Cukierman,1995-07-09,24
152616,Nick Chappell,1992-09-19,27
152623,Vit Kopriva,1997-06-15,22
152629,Frank Moser,1976-09-23,43
152634,Johan Nikles,1997-03-23,22
152638,Oscar Jose Gutierrez,1993-04-25,26
152643,Julian Ocleppo,1997-08-01,22
152648,Davide Galoppini,1994-10-24,25
152653,Filipp Kekercheni,1995-08-10,24
152658,David Poljak,1996-05-17,23
152662,Mikael Torpegaard,1994-05-08,25
152665,Jumpei Yamasaki,1997-07-02,22
152669,Yuya Ito,1997-01-09,22
152672,John Lamble,1992-03-31,27
152676,Nicolae Frunza,1997-11-15,22
152679,Sarp Agabigun,1997-06-12,22
152681,Louis Wessels,1998-08-27,21
152682,Jamie Whiteford,1990-08-30,29
152685,Ji Hoon Son,1994-09-09,25
152688,Hugo Voljacques,1992-12-30,27
152690,Botic Van De Zandschulp,1995-10-04,24
152691,Julian Onken,1988-05-29,31
152692,Joao Monteiro,1993-12-27,26
152693,Gabriel Petit,1995-08-22,24
